"","UF","NU_ANO","NÍVEL_ENSINO","casos_total","prop_F","prop_M","casos_F","casos_M","prop_igno","prop_indef","prop_pard","prop_ama","prop_pret","prop_bran","casos_igno","casos_indef","casos_pard","casos_ama","casos_pret","casos_bran"
"1","AC",2018,"Indefinido",1,1,0,1,0,0,0,1,0,0,0,0,0,1,0,0,0
"2","AC",2024,"EDUCAÇÃO INFANTIL",1,1,0,1,0,0,0,1,0,0,0,0,0,1,0,0,0
"3","AL",2015,"EDUCAÇÃO DE JOVENS E ADULTOS - EJA",1,1,0,1,0,0,0,1,0,0,0,0,0,1,0,0,0
"4","AL",2015,"ENSINO FUNDAMENTAL",1,1,0,1,0,0,0,0,0,1,0,0,0,0,0,1,0
"5","AL",2016,"EDUCAÇÃO DE JOVENS E ADULTOS - EJA",1,1,0,1,0,0,0,0,0,0,1,0,0,0,0,0,1
"6","AL",2017,"EDUCAÇÃO INFANTIL",1,1,0,1,0,1,0,0,0,0,0,1,0,0,0,0,0
"7","AL",2017,"ENSINO FUNDAMENTAL",1,0,1,0,1,0,0,0,0,1,0,0,0,0,0,1,0
"8","AL",2017,"ENSINO MÉDIO",1,0,1,0,1,0,0,1,0,0,0,0,0,1,0,0,0
"9","AL",2018,"EDUCAÇÃO DE JOVENS E ADULTOS - EJA",36,0.972222222222222,0.0277777777777778,35,1,0.777777777777778,0.222222222222222,0,0,0,0,28,8,0,0,0,0
"10","AL",2018,"Indefinido",1,1,0,1,0,1,0,0,0,0,0,1,0,0,0,0,0
"11","AL",2019,"EDUCAÇÃO DE JOVENS E ADULTOS - EJA",1,1,0,1,0,0,0,0,0,1,0,0,0,0,0,1,0
"12","AL",2019,"EDUCAÇÃO INFANTIL",1,1,0,1,0,0,0,0,0,0,1,0,0,0,0,0,1
"13","AL",2019,"Indefinido",1,0,1,0,1,0,0,1,0,0,0,0,0,1,0,0,0
"14","AL",2020,"EDUCAÇÃO DE JOVENS E ADULTOS - EJA",2,1,0,2,0,0,0,0.5,0,0,0.5,0,0,1,0,0,1
"15","AL",2021,"ENSINO MÉDIO",2,0,1,0,2,0.5,0,0,0,0.5,0,1,0,0,0,1,0
"16","AL",2022,"EDUCAÇÃO DE JOVENS E ADULTOS - EJA",1,1,0,1,0,0,0,1,0,0,0,0,0,1,0,0,0
"17","AL",2022,"Indefinido",1,1,0,1,0,0,0,0,0,0,1,0,0,0,0,0,1
"18","AL",2023,"EDUCAÇÃO DE JOVENS E ADULTOS - EJA",2,0.5,0.5,1,1,0,0,1,0,0,0,0,0,2,0,0,0
"19","AL",2023,"Indefinido",1,1,0,1,0,0,0,1,0,0,0,0,0,1,0,0,0
"20","AL",2024,"EDUCAÇÃO DE JOVENS E ADULTOS - EJA",4,1,0,4,0,0,0,0.5,0,0.25,0.25,0,0,2,0,1,1
"21","AL",2024,"ENSINO FUNDAMENTAL",1,0,1,0,1,0,0,1,0,0,0,0,0,1,0,0,0
"22","AL",2024,"Indefinido",1,1,0,1,0,0,0,1,0,0,0,0,0,1,0,0,0
"23","AL",2025,"Indefinido",1,1,0,1,0,0,0,0,0,0,1,0,0,0,0,0,1
"24","AM",2015,"ENSINO FUNDAMENTAL",3,0.333333333333333,0.666666666666667,1,2,0,0,0.666666666666667,0,0,0.333333333333333,0,0,2,0,0,1
"25","AM",2016,"EDUCAÇÃO DE JOVENS E ADULTOS - EJA",4,1,0,4,0,0,0,0.75,0,0,0.25,0,0,3,0,0,1
"26","AM",2019,"Indefinido",1,1,0,1,0,0,0,1,0,0,0,0,0,1,0,0,0
"27","AM",2021,"EDUCAÇÃO DE JOVENS E ADULTOS - EJA",3,1,0,3,0,0,0,1,0,0,0,0,0,3,0,0,0
"28","AM",2022,"ENSINO MÉDIO",1,1,0,1,0,0,0,1,0,0,0,0,0,1,0,0,0
"29","AM",2023,"Indefinido",1,1,0,1,0,0,0,1,0,0,0,0,0,1,0,0,0
"30","AM",2024,"EDUCAÇÃO DE JOVENS E ADULTOS - EJA",3,1,0,3,0,0,0,1,0,0,0,0,0,3,0,0,0
"31","AM",2024,"ENSINO MÉDIO",2,1,0,2,0,0,0,1,0,0,0,0,0,2,0,0,0
"32","AM",2024,"Indefinido",1,1,0,1,0,0,0,0,0,0,1,0,0,0,0,0,1
"33","AM",2025,"ENSINO FUNDAMENTAL",1,0,1,0,1,0,0,1,0,0,0,0,0,1,0,0,0
"34","BA",2013,"EDUCAÇÃO DE JOVENS E ADULTOS - EJA",1,1,0,1,0,1,0,0,0,0,0,1,0,0,0,0,0
"35","BA",2013,"ENSINO FUNDAMENTAL",2,1,0,2,0,0,0,1,0,0,0,0,0,2,0,0,0
"36","BA",2013,"ENSINO MÉDIO",1,0,1,0,1,0,0,0,0,0,1,0,0,0,0,0,1
"37","BA",2014,"EDUCAÇÃO DE JOVENS E ADULTOS - EJA",4,0.75,0.25,3,1,1,0,0,0,0,0,4,0,0,0,0,0
"38","BA",2014,"EDUCAÇÃO PROFISSIONALIZANTE",1,1,0,1,0,0,0,0,0,0,1,0,0,0,0,0,1
"39","BA",2015,"EDUCAÇÃO DE JOVENS E ADULTOS - EJA",6,1,0,6,0,0,0,0.666666666666667,0,0.333333333333333,0,0,0,4,0,2,0
"40","BA",2015,"EDUCAÇÃO INFANTIL",1,1,0,1,0,0,0,1,0,0,0,0,0,1,0,0,0
"41","BA",2015,"ENSINO FUNDAMENTAL",2,1,0,2,0,0,0,0.5,0,0,0.5,0,0,1,0,0,1
"42","BA",2015,"ENSINO MÉDIO",1,1,0,1,0,0,0,1,0,0,0,0,0,1,0,0,0
"43","BA",2016,"EDUCAÇÃO DE JOVENS E ADULTOS - EJA",1,1,0,1,0,1,0,0,0,0,0,1,0,0,0,0,0
"44","BA",2016,"ENSINO MÉDIO",1,0,1,0,1,0,0,0,0,0,1,0,0,0,0,0,1
"45","BA",2017,"EDUCAÇÃO DE JOVENS E ADULTOS - EJA",2,1,0,2,0,0,0,1,0,0,0,0,0,2,0,0,0
"46","BA",2017,"ENSINO FUNDAMENTAL",1,1,0,1,0,0,0,1,0,0,0,0,0,1,0,0,0
"47","BA",2018,"EDUCAÇÃO DE JOVENS E ADULTOS - EJA",2,0.5,0.5,1,1,0.5,0,0,0,0,0.5,1,0,0,0,0,1
"48","BA",2018,"ENSINO FUNDAMENTAL",1,1,0,1,0,0,0,1,0,0,0,0,0,1,0,0,0
"49","BA",2018,"ENSINO MÉDIO",1,1,0,1,0,0,0,0,0,0,1,0,0,0,0,0,1
"50","BA",2018,"Indefinido",1,1,0,1,0,1,0,0,0,0,0,1,0,0,0,0,0
"51","BA",2019,"EDUCAÇÃO DE JOVENS E ADULTOS - EJA",4,0.75,0.25,3,1,0,0,0.75,0,0,0.25,0,0,3,0,0,1
"52","BA",2019,"EDUCAÇÃO INFANTIL",1,1,0,1,0,0,0,1,0,0,0,0,0,1,0,0,0
"53","BA",2019,"ENSINO FUNDAMENTAL",10,0.7,0.3,7,3,0,0,0.3,0,0.4,0.3,0,0,3,0,4,3
"54","BA",2019,"ENSINO MÉDIO",1,0,1,0,1,0,0,0,0,0,1,0,0,0,0,0,1
"55","BA",2019,"Indefinido",1,1,0,1,0,0,0,0,1,0,0,0,0,0,1,0,0
"56","BA",2020,"EDUCAÇÃO INFANTIL",1,1,0,1,0,0,0,1,0,0,0,0,0,1,0,0,0
"57","BA",2020,"ENSINO MÉDIO",1,1,0,1,0,0,0,0,0,0,1,0,0,0,0,0,1
"58","BA",2020,"Indefinido",1,1,0,1,0,0,0,1,0,0,0,0,0,1,0,0,0
"59","BA",2021,"EDUCAÇÃO DE JOVENS E ADULTOS - EJA",4,1,0,4,0,0.25,0,0.25,0,0.5,0,1,0,1,0,2,0
"60","BA",2021,"EDUCAÇÃO INFANTIL",1,1,0,1,0,0,0,0,0,0,1,0,0,0,0,0,1
"61","BA",2021,"EDUCAÇÃO PROFISSIONALIZANTE",1,1,0,1,0,0,0,0,0,1,0,0,0,0,0,1,0
"62","BA",2021,"ENSINO FUNDAMENTAL",2,1,0,2,0,0,0,0.5,0,0.5,0,0,0,1,0,1,0
"63","BA",2021,"ENSINO MÉDIO",1,1,0,1,0,0,0,0,0,1,0,0,0,0,0,1,0
"64","BA",2021,"Indefinido",1,1,0,1,0,0,0,1,0,0,0,0,0,1,0,0,0
"65","BA",2022,"EDUCAÇÃO DE JOVENS E ADULTOS - EJA",5,1,0,5,0,0.2,0,0.4,0.2,0,0.2,1,0,2,1,0,1
"66","BA",2022,"EDUCAÇÃO INFANTIL",2,1,0,2,0,0,0,0,0,0.5,0.5,0,0,0,0,1,1
"67","BA",2022,"ENSINO FUNDAMENTAL",2,1,0,2,0,0.5,0,0,0,0,0.5,1,0,0,0,0,1
"68","BA",2023,"EDUCAÇÃO DE JOVENS E ADULTOS - EJA",11,0.727272727272727,0.272727272727273,8,3,0.0909090909090909,0,0.363636363636364,0,0.0909090909090909,0.454545454545455,1,0,4,0,1,5
"69","BA",2023,"EDUCAÇÃO INFANTIL",2,1,0,2,0,0.5,0,0.5,0,0,0,1,0,1,0,0,0
"70","BA",2023,"ENSINO FUNDAMENTAL",1,1,0,1,0,0,0,1,0,0,0,0,0,1,0,0,0
"71","BA",2023,"ENSINO MÉDIO",1,1,0,1,0,0,0,1,0,0,0,0,0,1,0,0,0
"72","BA",2023,"Indefinido",6,0.5,0.5,3,3,0.333333333333333,0,0.166666666666667,0,0.166666666666667,0.333333333333333,2,0,1,0,1,2
"73","BA",2024,"EDUCAÇÃO DE JOVENS E ADULTOS - EJA",5,0.6,0.4,3,2,0,0,0.4,0,0.4,0.2,0,0,2,0,2,1
"74","BA",2024,"EDUCAÇÃO INFANTIL",1,1,0,1,0,1,0,0,0,0,0,1,0,0,0,0,0
"75","BA",2024,"ENSINO FUNDAMENTAL",5,0.8,0.2,4,1,0,0,0.4,0,0.2,0.4,0,0,2,0,1,2
"76","BA",2024,"Indefinido",6,0.833333333333333,0.166666666666667,5,1,0.166666666666667,0,0.5,0,0.333333333333333,0,1,0,3,0,2,0
"77","BA",2025,"EDUCAÇÃO DE JOVENS E ADULTOS - EJA",1,1,0,1,0,1,0,0,0,0,0,1,0,0,0,0,0
"78","BA",2025,"EDUCAÇÃO INFANTIL",1,1,0,1,0,0,0,1,0,0,0,0,0,1,0,0,0
"79","BA",2025,"ENSINO FUNDAMENTAL",5,0.8,0.2,4,1,0,0,1,0,0,0,0,0,5,0,0,0
"80","BA",2025,"ENSINO MÉDIO",2,1,0,2,0,0,0,0.5,0,0.5,0,0,0,1,0,1,0
"81","BA",2025,"Indefinido",8,0.625,0.375,5,3,0.125,0,0.375,0.125,0.125,0.25,1,0,3,1,1,2
"82","CE",2013,"ENSINO FUNDAMENTAL",1,1,0,1,0,0,0,1,0,0,0,0,0,1,0,0,0
"83","CE",2013,"ENSINO MÉDIO",2,1,0,2,0,0,0,1,0,0,0,0,0,2,0,0,0
"84","CE",2013,"Indefinido",4,0.25,0.75,1,3,0,0,1,0,0,0,0,0,4,0,0,0
"85","CE",2014,"EDUCAÇÃO DE JOVENS E ADULTOS - EJA",1,1,0,1,0,0,0,1,0,0,0,0,0,1,0,0,0
"86","CE",2014,"ENSINO MÉDIO",3,0.666666666666667,0.333333333333333,2,1,0,0,1,0,0,0,0,0,3,0,0,0
"87","CE",2015,"EDUCAÇÃO DE JOVENS E ADULTOS - EJA",3,1,0,3,0,0,0.333333333333333,0.666666666666667,0,0,0,0,1,2,0,0,0
"88","CE",2015,"EDUCAÇÃO INFANTIL",1,1,0,1,0,0,0,1,0,0,0,0,0,1,0,0,0
"89","CE",2015,"ENSINO FUNDAMENTAL",5,0.8,0.2,4,1,0,0,1,0,0,0,0,0,5,0,0,0
"90","CE",2015,"ENSINO MÉDIO",1,1,0,1,0,0,0,1,0,0,0,0,0,1,0,0,0
"91","CE",2016,"EDUCAÇÃO DE JOVENS E ADULTOS - EJA",2,1,0,2,0,0,0,0.5,0,0,0.5,0,0,1,0,0,1
"92","CE",2016,"ENSINO MÉDIO",1,0,1,0,1,0,0,1,0,0,0,0,0,1,0,0,0
"93","CE",2017,"EDUCAÇÃO DE JOVENS E ADULTOS - EJA",3,1,0,3,0,0,0,0.666666666666667,0,0,0.333333333333333,0,0,2,0,0,1
"94","CE",2017,"EDUCAÇÃO INFANTIL",2,1,0,2,0,0,0,1,0,0,0,0,0,2,0,0,0
"95","CE",2017,"ENSINO FUNDAMENTAL",4,0.5,0.5,2,2,0,0,0.25,0,0,0.75,0,0,1,0,0,3
"96","CE",2018,"EDUCAÇÃO PROFISSIONALIZANTE",1,0,1,0,1,0,0,0,0,0,1,0,0,0,0,0,1
"97","CE",2018,"ENSINO FUNDAMENTAL",6,1,0,6,0,0,0,0.833333333333333,0,0,0.166666666666667,0,0,5,0,0,1
"98","CE",2018,"ENSINO MÉDIO",1,0,1,0,1,0,0,1,0,0,0,0,0,1,0,0,0
"99","CE",2018,"Indefinido",1,1,0,1,0,0,0,0,0,0,1,0,0,0,0,0,1
"100","CE",2019,"ENSINO FUNDAMENTAL",3,1,0,3,0,0,0,0.666666666666667,0,0,0.333333333333333,0,0,2,0,0,1
"101","CE",2019,"ENSINO MÉDIO",2,0.5,0.5,1,1,0,0,0.5,0,0,0.5,0,0,1,0,0,1
"102","CE",2020,"EDUCAÇÃO DE JOVENS E ADULTOS - EJA",2,1,0,2,0,0,0,1,0,0,0,0,0,2,0,0,0
"103","CE",2020,"ENSINO FUNDAMENTAL",4,0.25,0.75,1,3,0,0,1,0,0,0,0,0,4,0,0,0
"104","CE",2020,"ENSINO MÉDIO",2,1,0,2,0,0,0,1,0,0,0,0,0,2,0,0,0
"105","CE",2020,"Indefinido",1,1,0,1,0,0,0,1,0,0,0,0,0,1,0,0,0
"106","CE",2021,"EDUCAÇÃO DE JOVENS E ADULTOS - EJA",3,1,0,3,0,0,0,0.666666666666667,0,0,0.333333333333333,0,0,2,0,0,1
"107","CE",2021,"EDUCAÇÃO PROFISSIONALIZANTE",1,1,0,1,0,0,0,0,0,0,1,0,0,0,0,0,1
"108","CE",2022,"EDUCAÇÃO DE JOVENS E ADULTOS - EJA",1,1,0,1,0,0,0,1,0,0,0,0,0,1,0,0,0
"109","CE",2022,"EDUCAÇÃO INFANTIL",1,1,0,1,0,0,0,1,0,0,0,0,0,1,0,0,0
"110","CE",2022,"ENSINO FUNDAMENTAL",2,1,0,2,0,0,0,0,0,0,1,0,0,0,0,0,2
"111","CE",2022,"ENSINO MÉDIO",2,0.5,0.5,1,1,0,0,0.5,0,0,0.5,0,0,1,0,0,1
"112","CE",2023,"EDUCAÇÃO DE JOVENS E ADULTOS - EJA",2,1,0,2,0,0,0,0.5,0,0,0.5,0,0,1,0,0,1
"113","CE",2023,"ENSINO FUNDAMENTAL",1,1,0,1,0,0,0,0,0,0,1,0,0,0,0,0,1
"114","CE",2023,"Indefinido",7,0.571428571428571,0.428571428571429,4,3,0,0,0.714285714285714,0,0.142857142857143,0.142857142857143,0,0,5,0,1,1
"115","CE",2024,"EDUCAÇÃO DE JOVENS E ADULTOS - EJA",6,0.833333333333333,0.166666666666667,5,1,0,0,0.833333333333333,0,0,0.166666666666667,0,0,5,0,0,1
"116","CE",2024,"EDUCAÇÃO INFANTIL",2,1,0,2,0,0,0,1,0,0,0,0,0,2,0,0,0
"117","CE",2024,"ENSINO FUNDAMENTAL",3,1,0,3,0,0,0,1,0,0,0,0,0,3,0,0,0
"118","CE",2024,"ENSINO MÉDIO",3,0.666666666666667,0.333333333333333,2,1,0,0,0.666666666666667,0,0.333333333333333,0,0,0,2,0,1,0
"119","CE",2024,"Indefinido",15,0.666666666666667,0.333333333333333,10,5,0,0,0.866666666666667,0,0,0.133333333333333,0,0,13,0,0,2
"120","CE",2025,"EDUCAÇÃO DE JOVENS E ADULTOS - EJA",3,1,0,3,0,0,0,0.666666666666667,0,0,0.333333333333333,0,0,2,0,0,1
"121","CE",2025,"EDUCAÇÃO INFANTIL",2,1,0,2,0,0,0,0.5,0,0.5,0,0,0,1,0,1,0
"122","CE",2025,"ENSINO FUNDAMENTAL",2,1,0,2,0,0,0,1,0,0,0,0,0,2,0,0,0
"123","CE",2025,"ENSINO MÉDIO",1,0,1,0,1,0,0,0,0,0,1,0,0,0,0,0,1
"124","CE",2025,"Indefinido",10,0.7,0.3,7,3,0,0,0.7,0,0.2,0.1,0,0,7,0,2,1
"125","DF",2024,"EDUCAÇÃO DE JOVENS E ADULTOS - EJA",1,1,0,1,0,0,0,1,0,0,0,0,0,1,0,0,0
"126","DF",2025,"ENSINO FUNDAMENTAL",1,1,0,1,0,0,0,1,0,0,0,0,0,1,0,0,0
"127","ES",2014,"ENSINO FUNDAMENTAL",1,1,0,1,0,0,0,0,0,0,1,0,0,0,0,0,1
"128","ES",2014,"Indefinido",2,1,0,2,0,0,0,0.5,0,0,0.5,0,0,1,0,0,1
"129","ES",2015,"ENSINO FUNDAMENTAL",1,0,1,0,1,0,1,0,0,0,0,0,1,0,0,0,0
"130","ES",2016,"EDUCAÇÃO DE JOVENS E ADULTOS - EJA",1,1,0,1,0,0,0,1,0,0,0,0,0,1,0,0,0
"131","ES",2017,"ENSINO FUNDAMENTAL",1,1,0,1,0,0,0,0,0,0,1,0,0,0,0,0,1
"132","GO",2013,"EDUCAÇÃO DE JOVENS E ADULTOS - EJA",3,1,0,3,0,0.666666666666667,0,0,0,0,0.333333333333333,2,0,0,0,0,1
"133","GO",2013,"ENSINO MÉDIO",1,1,0,1,0,1,0,0,0,0,0,1,0,0,0,0,0
"134","GO",2013,"Indefinido",1,1,0,1,0,0,0,0,0,0,1,0,0,0,0,0,1
"135","GO",2015,"EDUCAÇÃO INFANTIL",1,1,0,1,0,0,0,1,0,0,0,0,0,1,0,0,0
"136","GO",2020,"EDUCAÇÃO DE JOVENS E ADULTOS - EJA",1,1,0,1,0,1,0,0,0,0,0,1,0,0,0,0,0
"137","GO",2021,"EDUCAÇÃO DE JOVENS E ADULTOS - EJA",2,1,0,2,0,0.5,0,0,0,0,0.5,1,0,0,0,0,1
"138","GO",2021,"ENSINO FUNDAMENTAL",3,1,0,3,0,0.333333333333333,0,0,0,0,0.666666666666667,1,0,0,0,0,2
"139","GO",2021,"ENSINO MÉDIO",3,1,0,3,0,1,0,0,0,0,0,3,0,0,0,0,0
"140","GO",2022,"EDUCAÇÃO DE JOVENS E ADULTOS - EJA",2,1,0,2,0,0.5,0.5,0,0,0,0,1,1,0,0,0,0
"141","GO",2022,"EDUCAÇÃO INFANTIL",1,1,0,1,0,1,0,0,0,0,0,1,0,0,0,0,0
"142","GO",2022,"ENSINO FUNDAMENTAL",3,1,0,3,0,1,0,0,0,0,0,3,0,0,0,0,0
"143","GO",2022,"ENSINO MÉDIO",1,0,1,0,1,0,0,0,0,0,1,0,0,0,0,0,1
"144","GO",2023,"EDUCAÇÃO DE JOVENS E ADULTOS - EJA",2,0.5,0.5,1,1,0,0,0,0,0,1,0,0,0,0,0,2
"145","GO",2023,"EDUCAÇÃO INFANTIL",1,1,0,1,0,0,0,0,0,0,1,0,0,0,0,0,1
"146","GO",2023,"Indefinido",2,1,0,2,0,0,0,0,0,0,1,0,0,0,0,0,2
"147","GO",2024,"ENSINO FUNDAMENTAL",1,1,0,1,0,0,0,1,0,0,0,0,0,1,0,0,0
"148","MA",2014,"ENSINO FUNDAMENTAL",5,1,0,5,0,0,0,0.8,0,0,0.2,0,0,4,0,0,1
"149","MA",2020,"ENSINO FUNDAMENTAL",1,1,0,1,0,0,0,1,0,0,0,0,0,1,0,0,0
"150","MA",2021,"Indefinido",1,1,0,1,0,0,0,0,0,1,0,0,0,0,0,1,0
"151","MA",2022,"EDUCAÇÃO DE JOVENS E ADULTOS - EJA",2,0.5,0.5,1,1,0,0,0,0,1,0,0,0,0,0,2,0
"152","MA",2022,"ENSINO FUNDAMENTAL",1,1,0,1,0,0,0,0,0,1,0,0,0,0,0,1,0
"153","MA",2023,"ENSINO FUNDAMENTAL",1,0,1,0,1,0,0,1,0,0,0,0,0,1,0,0,0
"154","MA",2023,"Indefinido",2,1,0,2,0,0,0,0,0,1,0,0,0,0,0,2,0
"155","MA",2024,"ENSINO FUNDAMENTAL",1,1,0,1,0,0,0,0,0,0,1,0,0,0,0,0,1
"156","MA",2024,"Indefinido",2,1,0,2,0,0,0,1,0,0,0,0,0,2,0,0,0
"157","MA",2025,"EDUCAÇÃO INFANTIL",1,1,0,1,0,0,0,1,0,0,0,0,0,1,0,0,0
"158","MA",2025,"Indefinido",1,1,0,1,0,0,0,1,0,0,0,0,0,1,0,0,0
"159","MG",2013,"EDUCAÇÃO DE JOVENS E ADULTOS - EJA",2,1,0,2,0,0.5,0,0.5,0,0,0,1,0,1,0,0,0
"160","MG",2013,"ENSINO FUNDAMENTAL",1,1,0,1,0,1,0,0,0,0,0,1,0,0,0,0,0
"161","MG",2013,"ENSINO MÉDIO",2,0.5,0.5,1,1,0.5,0,0,0,0,0.5,1,0,0,0,0,1
"162","MG",2013,"Indefinido",1,1,0,1,0,1,0,0,0,0,0,1,0,0,0,0,0
"163","MG",2014,"EDUCAÇÃO DE JOVENS E ADULTOS - EJA",4,0.75,0.25,3,1,0,0,0.25,0.25,0.25,0.25,0,0,1,1,1,1
"164","MG",2014,"EDUCAÇÃO INFANTIL",2,1,0,2,0,0,0,0,0,0,1,0,0,0,0,0,2
"165","MG",2014,"ENSINO FUNDAMENTAL",5,1,0,5,0,0,0,0,0,0.2,0.8,0,0,0,0,1,4
"166","MG",2014,"ENSINO MÉDIO",1,1,0,1,0,0,0,1,0,0,0,0,0,1,0,0,0
"167","MG",2014,"Indefinido",1,1,0,1,0,0,0,0,0,1,0,0,0,0,0,1,0
"168","MG",2015,"EDUCAÇÃO DE JOVENS E ADULTOS - EJA",3,1,0,3,0,0.333333333333333,0,0,0,0,0.666666666666667,1,0,0,0,0,2
"169","MG",2015,"ENSINO FUNDAMENTAL",1,1,0,1,0,1,0,0,0,0,0,1,0,0,0,0,0
"170","MG",2015,"ENSINO MÉDIO",1,1,0,1,0,0,0,1,0,0,0,0,0,1,0,0,0
"171","MG",2016,"EDUCAÇÃO DE JOVENS E ADULTOS - EJA",2,1,0,2,0,0,0,0,0,0.5,0.5,0,0,0,0,1,1
"172","MG",2016,"EDUCAÇÃO INFANTIL",1,1,0,1,0,1,0,0,0,0,0,1,0,0,0,0,0
"173","MG",2016,"Indefinido",1,1,0,1,0,0,0,1,0,0,0,0,0,1,0,0,0
"174","MG",2017,"EDUCAÇÃO DE JOVENS E ADULTOS - EJA",17,0.882352941176471,0.117647058823529,15,2,0,0,0.411764705882353,0,0.117647058823529,0.470588235294118,0,0,7,0,2,8
"175","MG",2017,"EDUCAÇÃO INFANTIL",6,0.833333333333333,0.166666666666667,5,1,0,0,0.333333333333333,0,0,0.666666666666667,0,0,2,0,0,4
"176","MG",2017,"ENSINO FUNDAMENTAL",8,0.875,0.125,7,1,0,0,0.125,0,0.125,0.75,0,0,1,0,1,6
"177","MG",2017,"ENSINO MÉDIO",2,0.5,0.5,1,1,0,0,0,0,0.5,0.5,0,0,0,0,1,1
"178","MG",2017,"Indefinido",2,1,0,2,0,0,0,0,0,0,1,0,0,0,0,0,2
"179","MG",2018,"EDUCAÇÃO DE JOVENS E ADULTOS - EJA",43,0.976744186046512,0.0232558139534884,42,1,0,0,0.906976744186046,0.0232558139534884,0,0.0697674418604651,0,0,39,1,0,3
"180","MG",2018,"EDUCAÇÃO INFANTIL",2,1,0,2,0,0,0,0.5,0,0,0.5,0,0,1,0,0,1
"181","MG",2018,"ENSINO FUNDAMENTAL",13,1,0,13,0,0,0,0.307692307692308,0,0,0.692307692307692,0,0,4,0,0,9
"182","MG",2018,"ENSINO MÉDIO",2,1,0,2,0,0,0,0.5,0,0,0.5,0,0,1,0,0,1
"183","MG",2018,"Indefinido",2,1,0,2,0,0,0,1,0,0,0,0,0,2,0,0,0
"184","MG",2019,"EDUCAÇÃO DE JOVENS E ADULTOS - EJA",24,0.958333333333333,0.0416666666666667,23,1,0,0,0.75,0,0,0.25,0,0,18,0,0,6
"185","MG",2019,"EDUCAÇÃO INFANTIL",8,1,0,8,0,0,0,0.5,0,0,0.5,0,0,4,0,0,4
"186","MG",2019,"ENSINO FUNDAMENTAL",10,1,0,10,0,0,0,0.1,0,0.1,0.8,0,0,1,0,1,8
"187","MG",2019,"ENSINO MÉDIO",2,1,0,2,0,0,0,0.5,0,0,0.5,0,0,1,0,0,1
"188","MG",2020,"EDUCAÇÃO DE JOVENS E ADULTOS - EJA",1,1,0,1,0,0,0,1,0,0,0,0,0,1,0,0,0
"189","MG",2020,"EDUCAÇÃO PROFISSIONALIZANTE",1,0,1,0,1,0,0,1,0,0,0,0,0,1,0,0,0
"190","MG",2021,"EDUCAÇÃO INFANTIL",1,1,0,1,0,0,0,0,0,1,0,0,0,0,0,1,0
"191","MG",2021,"ENSINO FUNDAMENTAL",3,1,0,3,0,0,0,0,0,0,1,0,0,0,0,0,3
"192","MG",2022,"EDUCAÇÃO DE JOVENS E ADULTOS - EJA",9,1,0,9,0,0.111111111111111,0,0.111111111111111,0,0,0.777777777777778,1,0,1,0,0,7
"193","MG",2022,"EDUCAÇÃO INFANTIL",11,1,0,11,0,0.363636363636364,0,0.454545454545455,0,0,0.181818181818182,4,0,5,0,0,2
"194","MG",2022,"ENSINO FUNDAMENTAL",16,0.8125,0.1875,13,3,0.5,0,0.125,0,0,0.375,8,0,2,0,0,6
"195","MG",2022,"ENSINO MÉDIO",1,1,0,1,0,0,0,0,0,0,1,0,0,0,0,0,1
"196","MG",2022,"Indefinido",5,0.8,0.2,4,1,0.8,0,0.2,0,0,0,4,0,1,0,0,0
"197","MG",2023,"EDUCAÇÃO DE JOVENS E ADULTOS - EJA",2,0.5,0.5,1,1,0,0,0.5,0,0.5,0,0,0,1,0,1,0
"198","MG",2023,"EDUCAÇÃO INFANTIL",8,1,0,8,0,0,0,0.5,0,0.375,0.125,0,0,4,0,3,1
"199","MG",2023,"ENSINO FUNDAMENTAL",10,0.9,0.1,9,1,0,0,0.6,0,0.1,0.3,0,0,6,0,1,3
"200","MG",2023,"ENSINO MÉDIO",3,0.666666666666667,0.333333333333333,2,1,0,0,0.333333333333333,0,0.333333333333333,0.333333333333333,0,0,1,0,1,1
"201","MG",2023,"Indefinido",16,0.75,0.25,12,4,0,0,0.5,0.0625,0.0625,0.375,0,0,8,1,1,6
"202","MG",2024,"EDUCAÇÃO DE JOVENS E ADULTOS - EJA",7,0.857142857142857,0.142857142857143,6,1,0.285714285714286,0,0.428571428571429,0,0.142857142857143,0.142857142857143,2,0,3,0,1,1
"203","MG",2024,"EDUCAÇÃO INFANTIL",3,1,0,3,0,0,0,0.333333333333333,0,0.333333333333333,0.333333333333333,0,0,1,0,1,1
"204","MG",2024,"ENSINO FUNDAMENTAL",7,0.714285714285714,0.285714285714286,5,2,0,0,0.571428571428571,0,0,0.428571428571429,0,0,4,0,0,3
"205","MG",2024,"ENSINO MÉDIO",5,0.8,0.2,4,1,0,0,0.6,0,0,0.4,0,0,3,0,0,2
"206","MG",2024,"Indefinido",22,0.590909090909091,0.409090909090909,13,9,0,0,0.409090909090909,0,0.136363636363636,0.454545454545455,0,0,9,0,3,10
"207","MG",2025,"EDUCAÇÃO DE JOVENS E ADULTOS - EJA",2,1,0,2,0,0,0,0,0,0,1,0,0,0,0,0,2
"208","MG",2025,"EDUCAÇÃO INFANTIL",3,1,0,3,0,0,0,0.333333333333333,0,0.333333333333333,0.333333333333333,0,0,1,0,1,1
"209","MG",2025,"ENSINO FUNDAMENTAL",3,1,0,3,0,0,0,0.333333333333333,0,0,0.666666666666667,0,0,1,0,0,2
"210","MG",2025,"Indefinido",15,0.733333333333333,0.266666666666667,11,4,0,0,0.6,0,0.133333333333333,0.266666666666667,0,0,9,0,2,4
"211","MS",2014,"EDUCAÇÃO DE JOVENS E ADULTOS - EJA",1,0,1,0,1,0,0,0,0,0,1,0,0,0,0,0,1
"212","MS",2014,"EDUCAÇÃO INFANTIL",1,1,0,1,0,0,0,0,0,0,1,0,0,0,0,0,1
"213","MS",2014,"ENSINO FUNDAMENTAL",4,1,0,4,0,0,0,0.25,0,0,0.75,0,0,1,0,0,3
"214","MS",2015,"ENSINO FUNDAMENTAL",1,1,0,1,0,0,0,0,0,0,1,0,0,0,0,0,1
"215","MS",2015,"Indefinido",1,1,0,1,0,0,0,1,0,0,0,0,0,1,0,0,0
"216","MS",2017,"ENSINO FUNDAMENTAL",1,1,0,1,0,0,0,0,0,0,1,0,0,0,0,0,1
"217","MS",2017,"ENSINO MÉDIO",4,0.75,0.25,3,1,0,0,0,0,0.25,0.75,0,0,0,0,1,3
"218","MS",2017,"Indefinido",1,1,0,1,0,0,0,1,0,0,0,0,0,1,0,0,0
"219","MS",2018,"EDUCAÇÃO DE JOVENS E ADULTOS - EJA",1,1,0,1,0,0,0,0,0,0,1,0,0,0,0,0,1
"220","MS",2018,"EDUCAÇÃO INFANTIL",5,1,0,5,0,0,0,0.6,0,0,0.4,0,0,3,0,0,2
"221","MS",2018,"ENSINO FUNDAMENTAL",2,1,0,2,0,0,0,0.5,0,0,0.5,0,0,1,0,0,1
"222","MS",2018,"ENSINO MÉDIO",3,1,0,3,0,0,0,0,0,0.666666666666667,0.333333333333333,0,0,0,0,2,1
"223","MS",2019,"EDUCAÇÃO DE JOVENS E ADULTOS - EJA",2,1,0,2,0,0,0,0.5,0,0,0.5,0,0,1,0,0,1
"224","MS",2019,"EDUCAÇÃO INFANTIL",13,1,0,13,0,0,0,0.384615384615385,0,0.230769230769231,0.384615384615385,0,0,5,0,3,5
"225","MS",2019,"ENSINO FUNDAMENTAL",6,0.833333333333333,0.166666666666667,5,1,0,0,0.666666666666667,0,0,0.333333333333333,0,0,4,0,0,2
"226","MS",2019,"ENSINO MÉDIO",2,1,0,2,0,0,0,0,0,0,1,0,0,0,0,0,2
"227","MS",2019,"Indefinido",3,1,0,3,0,0,0,0.666666666666667,0,0,0.333333333333333,0,0,2,0,0,1
"228","MS",2020,"EDUCAÇÃO INFANTIL",1,0,1,0,1,0,0,1,0,0,0,0,0,1,0,0,0
"229","MS",2021,"EDUCAÇÃO DE JOVENS E ADULTOS - EJA",1,1,0,1,0,0,0,0,0,0,1,0,0,0,0,0,1
"230","MS",2021,"EDUCAÇÃO INFANTIL",5,1,0,5,0,0,0,0.2,0,0,0.8,0,0,1,0,0,4
"231","MS",2021,"ENSINO FUNDAMENTAL",1,1,0,1,0,0,0,0,0,0,1,0,0,0,0,0,1
"232","MS",2022,"EDUCAÇÃO DE JOVENS E ADULTOS - EJA",1,0,1,0,1,0,0,0,0,0,1,0,0,0,0,0,1
"233","MS",2022,"ENSINO FUNDAMENTAL",2,0.5,0.5,1,1,0.5,0,0.5,0,0,0,1,0,1,0,0,0
"234","MS",2023,"EDUCAÇÃO DE JOVENS E ADULTOS - EJA",1,0,1,0,1,0,0,0,0,0,1,0,0,0,0,0,1
"235","MS",2023,"EDUCAÇÃO INFANTIL",2,1,0,2,0,0,0,0.5,0,0,0.5,0,0,1,0,0,1
"236","MS",2023,"ENSINO MÉDIO",1,0,1,0,1,0,0,1,0,0,0,0,0,1,0,0,0
"237","MS",2023,"Indefinido",13,0.692307692307692,0.307692307692308,9,4,0,0,0.461538461538462,0,0.153846153846154,0.384615384615385,0,0,6,0,2,5
"238","MS",2024,"EDUCAÇÃO DE JOVENS E ADULTOS - EJA",2,0.5,0.5,1,1,0,0,0,0,0.5,0.5,0,0,0,0,1,1
"239","MS",2024,"Indefinido",5,0.8,0.2,4,1,0.4,0.2,0.2,0,0,0.2,2,1,1,0,0,1
"240","MS",2025,"EDUCAÇÃO INFANTIL",1,1,0,1,0,0,0,1,0,0,0,0,0,1,0,0,0
"241","MS",2025,"ENSINO MÉDIO",1,1,0,1,0,0,0,0,0,0,1,0,0,0,0,0,1
"242","MS",2025,"Indefinido",1,1,0,1,0,0,0,0,0,0,1,0,0,0,0,0,1
"243","MT",2013,"ENSINO FUNDAMENTAL",1,0,1,0,1,0,0,1,0,0,0,0,0,1,0,0,0
"244","MT",2017,"ENSINO MÉDIO",1,0,1,0,1,0,0,1,0,0,0,0,0,1,0,0,0
"245","MT",2018,"ENSINO FUNDAMENTAL",4,1,0,4,0,0,0,0.75,0.25,0,0,0,0,3,1,0,0
"246","MT",2019,"EDUCAÇÃO DE JOVENS E ADULTOS - EJA",5,1,0,5,0,0,0,0,0,0,1,0,0,0,0,0,5
"247","MT",2023,"Indefinido",1,1,0,1,0,0,0,0,0,0,1,0,0,0,0,0,1
"248","MT",2024,"EDUCAÇÃO DE JOVENS E ADULTOS - EJA",1,0,1,0,1,0,0,0,0,0,1,0,0,0,0,0,1
"249","MT",2024,"Indefinido",1,0,1,0,1,0,0,0,0,0,1,0,0,0,0,0,1
"250","PA",2013,"Indefinido",1,1,0,1,0,0,0,0,0,1,0,0,0,0,0,1,0
"251","PA",2014,"Indefinido",1,1,0,1,0,0,0,0,0,0,1,0,0,0,0,0,1
"252","PA",2016,"ENSINO FUNDAMENTAL",1,1,0,1,0,0,0,1,0,0,0,0,0,1,0,0,0
"253","PA",2017,"ENSINO MÉDIO",1,1,0,1,0,1,0,0,0,0,0,1,0,0,0,0,0
"254","PA",2019,"EDUCAÇÃO DE JOVENS E ADULTOS - EJA",5,0.6,0.4,3,2,0,0,1,0,0,0,0,0,5,0,0,0
"255","PA",2020,"EDUCAÇÃO DE JOVENS E ADULTOS - EJA",2,1,0,2,0,0,0,1,0,0,0,0,0,2,0,0,0
"256","PA",2020,"ENSINO FUNDAMENTAL",1,1,0,1,0,0,0,0,0,1,0,0,0,0,0,1,0
"257","PA",2021,"EDUCAÇÃO DE JOVENS E ADULTOS - EJA",1,1,0,1,0,0,0,1,0,0,0,0,0,1,0,0,0
"258","PA",2022,"EDUCAÇÃO DE JOVENS E ADULTOS - EJA",3,0.333333333333333,0.666666666666667,1,2,0,0,1,0,0,0,0,0,3,0,0,0
"259","PA",2022,"Indefinido",1,1,0,1,0,0,0,0,0,0,1,0,0,0,0,0,1
"260","PA",2023,"EDUCAÇÃO DE JOVENS E ADULTOS - EJA",5,1,0,5,0,0,0,0.6,0.2,0,0.2,0,0,3,1,0,1
"261","PA",2023,"ENSINO FUNDAMENTAL",1,1,0,1,0,0,0,1,0,0,0,0,0,1,0,0,0
"262","PA",2024,"EDUCAÇÃO DE JOVENS E ADULTOS - EJA",9,0.444444444444444,0.555555555555556,4,5,0,0,1,0,0,0,0,0,9,0,0,0
"263","PA",2024,"ENSINO MÉDIO",2,1,0,2,0,0,0,0.5,0,0,0.5,0,0,1,0,0,1
"264","PA",2024,"Indefinido",2,0.5,0.5,1,1,0,0,0.5,0,0,0.5,0,0,1,0,0,1
"265","PA",2025,"Indefinido",1,1,0,1,0,0,0,0,0,1,0,0,0,0,0,1,0
"266","PB",2013,"ENSINO FUNDAMENTAL",2,0.5,0.5,1,1,0,0,0.5,0,0,0.5,0,0,1,0,0,1
"267","PB",2014,"EDUCAÇÃO DE JOVENS E ADULTOS - EJA",4,1,0,4,0,0,0.5,0.25,0,0,0.25,0,2,1,0,0,1
"268","PB",2014,"ENSINO FUNDAMENTAL",1,1,0,1,0,0,0,1,0,0,0,0,0,1,0,0,0
"269","PB",2015,"EDUCAÇÃO DE JOVENS E ADULTOS - EJA",12,1,0,12,0,0.0833333333333333,0.833333333333333,0,0,0,0.0833333333333333,1,10,0,0,0,1
"270","PB",2015,"ENSINO FUNDAMENTAL",1,1,0,1,0,0,1,0,0,0,0,0,1,0,0,0,0
"271","PB",2017,"EDUCAÇÃO DE JOVENS E ADULTOS - EJA",30,0.9,0.1,27,3,0.0333333333333333,0.1,0.6,0,0,0.266666666666667,1,3,18,0,0,8
"272","PB",2017,"ENSINO FUNDAMENTAL",1,1,0,1,0,0,0,0,0,0,1,0,0,0,0,0,1
"273","PB",2017,"Indefinido",1,1,0,1,0,0,0,1,0,0,0,0,0,1,0,0,0
"274","PB",2018,"EDUCAÇÃO DE JOVENS E ADULTOS - EJA",20,0.85,0.15,17,3,0,0,0.6,0,0.05,0.35,0,0,12,0,1,7
"275","PB",2019,"EDUCAÇÃO DE JOVENS E ADULTOS - EJA",18,0.722222222222222,0.277777777777778,13,5,0.0555555555555556,0,0.777777777777778,0,0,0.166666666666667,1,0,14,0,0,3
"276","PB",2019,"ENSINO FUNDAMENTAL",1,1,0,1,0,0,0,0,0,0,1,0,0,0,0,0,1
"277","PB",2019,"Indefinido",1,1,0,1,0,0,0,1,0,0,0,0,0,1,0,0,0
"278","PB",2020,"EDUCAÇÃO DE JOVENS E ADULTOS - EJA",14,1,0,14,0,0,0.142857142857143,0.785714285714286,0,0,0.0714285714285714,0,2,11,0,0,1
"279","PB",2020,"ENSINO FUNDAMENTAL",1,1,0,1,0,0,0,1,0,0,0,0,0,1,0,0,0
"280","PB",2020,"Indefinido",1,1,0,1,0,0,0,0,0,0,1,0,0,0,0,0,1
"281","PB",2021,"EDUCAÇÃO DE JOVENS E ADULTOS - EJA",23,0.956521739130435,0.0434782608695652,22,1,0,0.0434782608695652,0.91304347826087,0,0,0.0434782608695652,0,1,21,0,0,1
"282","PB",2022,"EDUCAÇÃO DE JOVENS E ADULTOS - EJA",28,0.928571428571429,0.0714285714285714,26,2,0.0714285714285714,0.0357142857142857,0.892857142857143,0,0,0,2,1,25,0,0,0
"283","PB",2022,"ENSINO FUNDAMENTAL",2,1,0,2,0,0,0,0,0,0,1,0,0,0,0,0,2
"284","PB",2022,"Indefinido",5,1,0,5,0,0,0,0,0.4,0.2,0.4,0,0,0,2,1,2
"285","PB",2023,"EDUCAÇÃO DE JOVENS E ADULTOS - EJA",26,1,0,26,0,0,0.0384615384615385,0.5,0,0,0.461538461538462,0,1,13,0,0,12
"286","PB",2023,"EDUCAÇÃO INFANTIL",3,1,0,3,0,0,0,0.666666666666667,0,0,0.333333333333333,0,0,2,0,0,1
"287","PB",2023,"ENSINO FUNDAMENTAL",4,0.5,0.5,2,2,0,0,0.25,0.25,0,0.5,0,0,1,1,0,2
"288","PB",2023,"Indefinido",1,1,0,1,0,0,0,0,0,0,1,0,0,0,0,0,1
"289","PB",2024,"EDUCAÇÃO DE JOVENS E ADULTOS - EJA",17,0.823529411764706,0.176470588235294,14,3,0,0,0.941176470588235,0,0,0.0588235294117647,0,0,16,0,0,1
"290","PB",2024,"EDUCAÇÃO INFANTIL",3,1,0,3,0,0,0,0.666666666666667,0,0.333333333333333,0,0,0,2,0,1,0
"291","PB",2024,"ENSINO FUNDAMENTAL",10,1,0,10,0,0,0,0.2,0,0,0.8,0,0,2,0,0,8
"292","PB",2024,"Indefinido",2,1,0,2,0,0,0,0.5,0,0,0.5,0,0,1,0,0,1
"293","PB",2025,"EDUCAÇÃO DE JOVENS E ADULTOS - EJA",9,0.888888888888889,0.111111111111111,8,1,0,0.111111111111111,0.777777777777778,0,0,0.111111111111111,0,1,7,0,0,1
"294","PB",2025,"EDUCAÇÃO INFANTIL",1,1,0,1,0,0,0,0,0,0,1,0,0,0,0,0,1
"295","PB",2025,"ENSINO FUNDAMENTAL",2,0.5,0.5,1,1,0,0,0,0,0,1,0,0,0,0,0,2
"296","PB",2025,"Indefinido",2,0.5,0.5,1,1,0,0,0.5,0,0,0.5,0,0,1,0,0,1
"297","PE",2013,"EDUCAÇÃO INFANTIL",1,1,0,1,0,0,0,0,0,0,1,0,0,0,0,0,1
"298","PE",2013,"ENSINO FUNDAMENTAL",2,1,0,2,0,0,0,0,0.5,0,0.5,0,0,0,1,0,1
"299","PE",2013,"Indefinido",2,0,1,0,2,0,0,1,0,0,0,0,0,2,0,0,0
"300","PE",2014,"EDUCAÇÃO DE JOVENS E ADULTOS - EJA",1,1,0,1,0,0,0,0,1,0,0,0,0,0,1,0,0
"301","PE",2014,"EDUCAÇÃO INFANTIL",1,1,0,1,0,0,0,0,0,1,0,0,0,0,0,1,0
"302","PE",2015,"EDUCAÇÃO INFANTIL",1,1,0,1,0,0,0,0,0,0,1,0,0,0,0,0,1
"303","PE",2015,"ENSINO FUNDAMENTAL",1,0,1,0,1,0,0,0,0,0,1,0,0,0,0,0,1
"304","PE",2015,"ENSINO MÉDIO",1,0,1,0,1,0,0,1,0,0,0,0,0,1,0,0,0
"305","PE",2016,"ENSINO FUNDAMENTAL",1,1,0,1,0,0,0,0,0,1,0,0,0,0,0,1,0
"306","PE",2016,"ENSINO MÉDIO",1,0,1,0,1,0,0,1,0,0,0,0,0,1,0,0,0
"307","PE",2016,"Indefinido",2,1,0,2,0,0,0,0,0,0,1,0,0,0,0,0,2
"308","PE",2017,"EDUCAÇÃO DE JOVENS E ADULTOS - EJA",2,0.5,0.5,1,1,0,0,1,0,0,0,0,0,2,0,0,0
"309","PE",2017,"ENSINO FUNDAMENTAL",2,0.5,0.5,1,1,0,0,0,0,0,1,0,0,0,0,0,2
"310","PE",2017,"ENSINO MÉDIO",1,0,1,0,1,0,0,0,0,0,1,0,0,0,0,0,1
"311","PE",2021,"ENSINO FUNDAMENTAL",1,0,1,0,1,0,0,0,0,0,1,0,0,0,0,0,1
"312","PE",2022,"EDUCAÇÃO INFANTIL",1,1,0,1,0,0,0,0,0,1,0,0,0,0,0,1,0
"313","PE",2022,"ENSINO FUNDAMENTAL",1,1,0,1,0,0,0,0,0,0,1,0,0,0,0,0,1
"314","PE",2023,"EDUCAÇÃO DE JOVENS E ADULTOS - EJA",1,1,0,1,0,0,0,1,0,0,0,0,0,1,0,0,0
"315","PE",2023,"EDUCAÇÃO INFANTIL",1,1,0,1,0,0,0,1,0,0,0,0,0,1,0,0,0
"316","PE",2023,"ENSINO MÉDIO",1,1,0,1,0,0,0,1,0,0,0,0,0,1,0,0,0
"317","PE",2023,"Indefinido",6,0.5,0.5,3,3,0,0,0.5,0,0,0.5,0,0,3,0,0,3
"318","PE",2024,"Indefinido",2,0,1,0,2,0,0,0.5,0,0.5,0,0,0,1,0,1,0
"319","PE",2025,"EDUCAÇÃO DE JOVENS E ADULTOS - EJA",1,0,1,0,1,0,0,1,0,0,0,0,0,1,0,0,0
"320","PE",2025,"Indefinido",3,1,0,3,0,0,0,0.666666666666667,0,0,0.333333333333333,0,0,2,0,0,1
"321","PI",2023,"EDUCAÇÃO DE JOVENS E ADULTOS - EJA",1,1,0,1,0,0,0,1,0,0,0,0,0,1,0,0,0
"322","PI",2023,"Indefinido",1,1,0,1,0,0,0,1,0,0,0,0,0,1,0,0,0
"323","PI",2025,"ENSINO FUNDAMENTAL",1,1,0,1,0,0,0,1,0,0,0,0,0,1,0,0,0
"324","PI",2025,"Indefinido",1,1,0,1,0,0,0,1,0,0,0,0,0,1,0,0,0
"325","PR",2013,"ENSINO FUNDAMENTAL",1,1,0,1,0,0,0,0,0,0,1,0,0,0,0,0,1
"326","PR",2015,"EDUCAÇÃO DE JOVENS E ADULTOS - EJA",1,1,0,1,0,1,0,0,0,0,0,1,0,0,0,0,0
"327","PR",2015,"ENSINO FUNDAMENTAL",2,1,0,2,0,0.5,0,0,0,0,0.5,1,0,0,0,0,1
"328","PR",2016,"EDUCAÇÃO DE JOVENS E ADULTOS - EJA",1,1,0,1,0,0,0,0,0,0,1,0,0,0,0,0,1
"329","PR",2017,"EDUCAÇÃO INFANTIL",1,1,0,1,0,0,0,0,0,0,1,0,0,0,0,0,1
"330","PR",2017,"Indefinido",1,1,0,1,0,0,0,0,0,0,1,0,0,0,0,0,1
"331","PR",2018,"EDUCAÇÃO DE JOVENS E ADULTOS - EJA",1,1,0,1,0,1,0,0,0,0,0,1,0,0,0,0,0
"332","PR",2018,"EDUCAÇÃO INFANTIL",2,1,0,2,0,0,0,0,0,0.5,0.5,0,0,0,0,1,1
"333","PR",2018,"ENSINO MÉDIO",1,1,0,1,0,0,0,0,0,0,1,0,0,0,0,0,1
"334","PR",2018,"Indefinido",1,1,0,1,0,1,0,0,0,0,0,1,0,0,0,0,0
"335","PR",2019,"EDUCAÇÃO DE JOVENS E ADULTOS - EJA",3,1,0,3,0,0,0,0,0,0,1,0,0,0,0,0,3
"336","PR",2019,"EDUCAÇÃO INFANTIL",1,1,0,1,0,0,0,0,0,0,1,0,0,0,0,0,1
"337","PR",2019,"ENSINO FUNDAMENTAL",1,1,0,1,0,0,0,0,0,0,1,0,0,0,0,0,1
"338","PR",2019,"Indefinido",1,0,1,0,1,0,0,0,0,0,1,0,0,0,0,0,1
"339","PR",2020,"EDUCAÇÃO DE JOVENS E ADULTOS - EJA",1,1,0,1,0,0,0,0,0,0,1,0,0,0,0,0,1
"340","PR",2020,"ENSINO MÉDIO",1,1,0,1,0,0,0,0,0,0,1,0,0,0,0,0,1
"341","PR",2020,"Indefinido",1,0,1,0,1,0,0,0,0,0,1,0,0,0,0,0,1
"342","PR",2021,"EDUCAÇÃO DE JOVENS E ADULTOS - EJA",7,1,0,7,0,0,0,0.142857142857143,0,0,0.857142857142857,0,0,1,0,0,6
"343","PR",2021,"EDUCAÇÃO PROFISSIONALIZANTE",1,0,1,0,1,0,0,0,0,0,1,0,0,0,0,0,1
"344","PR",2022,"EDUCAÇÃO DE JOVENS E ADULTOS - EJA",11,1,0,11,0,0,0,0,0.0909090909090909,0,0.909090909090909,0,0,0,1,0,10
"345","PR",2022,"EDUCAÇÃO INFANTIL",1,1,0,1,0,0,0,0,0,0,1,0,0,0,0,0,1
"346","PR",2022,"ENSINO FUNDAMENTAL",1,1,0,1,0,0,0,0,0,0,1,0,0,0,0,0,1
"347","PR",2022,"ENSINO MÉDIO",1,1,0,1,0,0,0,0,0,0,1,0,0,0,0,0,1
"348","PR",2022,"Indefinido",2,1,0,2,0,0,0,0,0,0,1,0,0,0,0,0,2
"349","PR",2023,"EDUCAÇÃO DE JOVENS E ADULTOS - EJA",9,1,0,9,0,0,0,0,0,0,1,0,0,0,0,0,9
"350","PR",2023,"EDUCAÇÃO INFANTIL",2,1,0,2,0,0,0,0,0,0,1,0,0,0,0,0,2
"351","PR",2023,"ENSINO FUNDAMENTAL",3,1,0,3,0,0,0,0,0,0,1,0,0,0,0,0,3
"352","PR",2023,"ENSINO MÉDIO",5,1,0,5,0,0,0,0,0,0,1,0,0,0,0,0,5
"353","PR",2023,"Indefinido",20,0.75,0.25,15,5,0,0,0.1,0,0,0.9,0,0,2,0,0,18
"354","PR",2024,"EDUCAÇÃO DE JOVENS E ADULTOS - EJA",17,0.882352941176471,0.117647058823529,15,2,0,0,0.176470588235294,0,0,0.823529411764706,0,0,3,0,0,14
"355","PR",2024,"EDUCAÇÃO INFANTIL",12,0.916666666666667,0.0833333333333333,11,1,0,0,0.166666666666667,0,0.0833333333333333,0.75,0,0,2,0,1,9
"356","PR",2024,"EDUCAÇÃO PROFISSIONALIZANTE",1,1,0,1,0,0,0,0,0,0,1,0,0,0,0,0,1
"357","PR",2024,"ENSINO FUNDAMENTAL",39,0.974358974358974,0.0256410256410256,38,1,0.0256410256410256,0,0.153846153846154,0,0.0512820512820513,0.769230769230769,1,0,6,0,2,30
"358","PR",2024,"Indefinido",16,0.6875,0.3125,11,5,0,0,0.0625,0.0625,0,0.875,0,0,1,1,0,14
"359","PR",2025,"EDUCAÇÃO DE JOVENS E ADULTOS - EJA",2,1,0,2,0,0.5,0,0,0,0,0.5,1,0,0,0,0,1
"360","PR",2025,"EDUCAÇÃO INFANTIL",3,1,0,3,0,0,0,0.333333333333333,0,0,0.666666666666667,0,0,1,0,0,2
"361","PR",2025,"ENSINO FUNDAMENTAL",8,0.75,0.25,6,2,0.125,0,0.125,0,0,0.75,1,0,1,0,0,6
"362","PR",2025,"Indefinido",2,1,0,2,0,0,0,0.5,0,0,0.5,0,0,1,0,0,1
"363","RJ",2013,"EDUCAÇÃO DE JOVENS E ADULTOS - EJA",1,0,1,0,1,1,0,0,0,0,0,1,0,0,0,0,0
"364","RJ",2013,"ENSINO MÉDIO",2,0.5,0.5,1,1,0.5,0,0,0,0,0.5,1,0,0,0,0,1
"365","RJ",2014,"EDUCAÇÃO INFANTIL",1,1,0,1,0,0,0,0,0,0,1,0,0,0,0,0,1
"366","RJ",2014,"ENSINO MÉDIO",1,1,0,1,0,0,0,0,0,0,1,0,0,0,0,0,1
"367","RJ",2015,"ENSINO FUNDAMENTAL",1,0,1,0,1,1,0,0,0,0,0,1,0,0,0,0,0
"368","RJ",2016,"EDUCAÇÃO DE JOVENS E ADULTOS - EJA",1,0,1,0,1,0,0,0,0,1,0,0,0,0,0,1,0
"369","RJ",2016,"ENSINO FUNDAMENTAL",1,1,0,1,0,1,0,0,0,0,0,1,0,0,0,0,0
"370","RJ",2016,"ENSINO MÉDIO",1,1,0,1,0,0,0,0,0,1,0,0,0,0,0,1,0
"371","RJ",2017,"ENSINO FUNDAMENTAL",1,1,0,1,0,0,0,0,0,0,1,0,0,0,0,0,1
"372","RJ",2017,"ENSINO MÉDIO",2,1,0,2,0,0,0,0,0.5,0,0.5,0,0,0,1,0,1
"373","RJ",2017,"Indefinido",1,0,1,0,1,0,0,0,0,1,0,0,0,0,0,1,0
"374","RJ",2018,"ENSINO FUNDAMENTAL",2,0.5,0.5,1,1,0.5,0,0,0,0.5,0,1,0,0,0,1,0
"375","RJ",2018,"Indefinido",1,1,0,1,0,1,0,0,0,0,0,1,0,0,0,0,0
"376","RJ",2019,"EDUCAÇÃO DE JOVENS E ADULTOS - EJA",2,0.5,0.5,1,1,0,0.5,0,0,0,0.5,0,1,0,0,0,1
"377","RJ",2019,"ENSINO MÉDIO",1,1,0,1,0,0,0,0,0,0,1,0,0,0,0,0,1
"378","RJ",2020,"ENSINO MÉDIO",1,1,0,1,0,0,0,1,0,0,0,0,0,1,0,0,0
"379","RJ",2021,"ENSINO MÉDIO",1,1,0,1,0,0,0,0,0,0,1,0,0,0,0,0,1
"380","RJ",2022,"ENSINO MÉDIO",2,1,0,2,0,0,0,0.5,0,0,0.5,0,0,1,0,0,1
"381","RJ",2023,"EDUCAÇÃO DE JOVENS E ADULTOS - EJA",4,1,0,4,0,0.25,0,0.25,0,0,0.5,1,0,1,0,0,2
"382","RJ",2023,"EDUCAÇÃO INFANTIL",1,1,0,1,0,0,0,0,0,0,1,0,0,0,0,0,1
"383","RJ",2023,"ENSINO FUNDAMENTAL",1,0,1,0,1,0,0,0,0,1,0,0,0,0,0,1,0
"384","RJ",2023,"ENSINO MÉDIO",1,1,0,1,0,0,0,1,0,0,0,0,0,1,0,0,0
"385","RJ",2023,"Indefinido",4,0.75,0.25,3,1,0,0,0.25,0.25,0,0.5,0,0,1,1,0,2
"386","RJ",2024,"EDUCAÇÃO DE JOVENS E ADULTOS - EJA",4,1,0,4,0,0,0.25,0.25,0,0,0.5,0,1,1,0,0,2
"387","RJ",2024,"EDUCAÇÃO INFANTIL",4,0.75,0.25,3,1,0,0,0,0,0.75,0.25,0,0,0,0,3,1
"388","RJ",2024,"ENSINO FUNDAMENTAL",3,0.666666666666667,0.333333333333333,2,1,0.333333333333333,0,0.333333333333333,0,0,0.333333333333333,1,0,1,0,0,1
"389","RJ",2024,"Indefinido",1,0,1,0,1,1,0,0,0,0,0,1,0,0,0,0,0
"390","RJ",2025,"EDUCAÇÃO INFANTIL",2,1,0,2,0,0,0,0,0,0.5,0.5,0,0,0,0,1,1
"391","RJ",2025,"EDUCAÇÃO PROFISSIONALIZANTE",2,0.5,0.5,1,1,0,0,0.5,0,0,0.5,0,0,1,0,0,1
"392","RJ",2025,"ENSINO FUNDAMENTAL",1,1,0,1,0,0,0,0,0,0,1,0,0,0,0,0,1
"393","RJ",2025,"ENSINO MÉDIO",1,1,0,1,0,0,0,0,0,0,1,0,0,0,0,0,1
"394","RJ",2025,"Indefinido",3,0.666666666666667,0.333333333333333,2,1,0,0,0,0,0.333333333333333,0.666666666666667,0,0,0,0,1,2
"395","RN",2014,"ENSINO FUNDAMENTAL",1,1,0,1,0,0,0,0,0,0,1,0,0,0,0,0,1
"396","RN",2014,"ENSINO MÉDIO",3,0.666666666666667,0.333333333333333,2,1,0,0,1,0,0,0,0,0,3,0,0,0
"397","RN",2014,"Indefinido",1,1,0,1,0,0,0,0,0,0,1,0,0,0,0,0,1
"398","RN",2015,"EDUCAÇÃO DE JOVENS E ADULTOS - EJA",2,0.5,0.5,1,1,0.5,0,0.5,0,0,0,1,0,1,0,0,0
"399","RN",2015,"Indefinido",1,0,1,0,1,0,0,1,0,0,0,0,0,1,0,0,0
"400","RN",2016,"EDUCAÇÃO DE JOVENS E ADULTOS - EJA",3,1,0,3,0,0,0,0.333333333333333,0,0,0.666666666666667,0,0,1,0,0,2
"401","RN",2016,"ENSINO FUNDAMENTAL",1,1,0,1,0,0,0,1,0,0,0,0,0,1,0,0,0
"402","RN",2017,"EDUCAÇÃO DE JOVENS E ADULTOS - EJA",4,0.75,0.25,3,1,0.25,0,0.25,0,0,0.5,1,0,1,0,0,2
"403","RN",2017,"EDUCAÇÃO INFANTIL",3,1,0,3,0,0.333333333333333,0,0.666666666666667,0,0,0,1,0,2,0,0,0
"404","RN",2017,"ENSINO FUNDAMENTAL",3,0.333333333333333,0.666666666666667,1,2,0.333333333333333,0,0.666666666666667,0,0,0,1,0,2,0,0,0
"405","RN",2017,"ENSINO MÉDIO",1,0,1,0,1,1,0,0,0,0,0,1,0,0,0,0,0
"406","RN",2017,"Indefinido",3,0.666666666666667,0,2,0,0.333333333333333,0,0,0.333333333333333,0,0.333333333333333,1,0,0,1,0,1
"407","RN",2018,"Indefinido",2,1,0,2,0,0.5,0,0,0,0,0.5,1,0,0,0,0,1
"408","RN",2019,"EDUCAÇÃO DE JOVENS E ADULTOS - EJA",2,1,0,2,0,0,0,0,0,0,1,0,0,0,0,0,2
"409","RN",2019,"ENSINO FUNDAMENTAL",1,0,1,0,1,0,0,0,0,0,1,0,0,0,0,0,1
"410","RN",2019,"Indefinido",2,1,0,2,0,0,0,0.5,0,0,0.5,0,0,1,0,0,1
"411","RN",2021,"Indefinido",1,1,0,1,0,0,0,1,0,0,0,0,0,1,0,0,0
"412","RN",2022,"ENSINO MÉDIO",1,0,1,0,1,0,0,1,0,0,0,0,0,1,0,0,0
"413","RN",2022,"Indefinido",1,1,0,1,0,0,0,1,0,0,0,0,0,1,0,0,0
"414","RN",2023,"EDUCAÇÃO DE JOVENS E ADULTOS - EJA",1,1,0,1,0,0,0,0,0,0,1,0,0,0,0,0,1
"415","RN",2023,"ENSINO FUNDAMENTAL",2,1,0,2,0,0,0,0,0,0,1,0,0,0,0,0,2
"416","RN",2023,"ENSINO MÉDIO",1,0,1,0,1,0,0,0,0,0,1,0,0,0,0,0,1
"417","RN",2023,"Indefinido",7,1,0,7,0,0,0,0.428571428571429,0.142857142857143,0,0.428571428571429,0,0,3,1,0,3
"418","RN",2024,"EDUCAÇÃO DE JOVENS E ADULTOS - EJA",2,1,0,2,0,0,0,0.5,0,0,0.5,0,0,1,0,0,1
"419","RN",2024,"EDUCAÇÃO INFANTIL",2,1,0,2,0,0,0,0,0,0,1,0,0,0,0,0,2
"420","RN",2024,"ENSINO FUNDAMENTAL",2,0.5,0.5,1,1,0,0,0.5,0.5,0,0,0,0,1,1,0,0
"421","RN",2024,"Indefinido",4,0.75,0.25,3,1,0,0,0,0.25,0,0.75,0,0,0,1,0,3
"422","RN",2025,"EDUCAÇÃO DE JOVENS E ADULTOS - EJA",2,0.5,0.5,1,1,0,0,0.5,0.5,0,0,0,0,1,1,0,0
"423","RN",2025,"ENSINO FUNDAMENTAL",2,0.5,0.5,1,1,0,0,0.5,0,0,0.5,0,0,1,0,0,1
"424","RN",2025,"ENSINO MÉDIO",1,1,0,1,0,0,0,0,1,0,0,0,0,0,1,0,0
"425","RN",2025,"Indefinido",4,0.5,0.5,2,2,0.25,0,0.25,0,0,0.5,1,0,1,0,0,2
"426","RO",2015,"EDUCAÇÃO DE JOVENS E ADULTOS - EJA",2,1,0,2,0,0,0,0,0,0,1,0,0,0,0,0,2
"427","RO",2018,"EDUCAÇÃO DE JOVENS E ADULTOS - EJA",2,0.5,0.5,1,1,0,0.5,0,0,0,0.5,0,1,0,0,0,1
"428","RO",2018,"ENSINO FUNDAMENTAL",2,0.5,0.5,1,1,0,0,0,0,0,1,0,0,0,0,0,2
"429","RO",2019,"ENSINO FUNDAMENTAL",1,0,1,0,1,0,0,1,0,0,0,0,0,1,0,0,0
"430","RO",2021,"EDUCAÇÃO DE JOVENS E ADULTOS - EJA",3,0.333333333333333,0.666666666666667,1,2,0,0,0.666666666666667,0.333333333333333,0,0,0,0,2,1,0,0
"431","RO",2022,"EDUCAÇÃO DE JOVENS E ADULTOS - EJA",2,0.5,0.5,1,1,0,0,0.5,0,0,0.5,0,0,1,0,0,1
"432","RO",2022,"ENSINO FUNDAMENTAL",1,1,0,1,0,0,0,1,0,0,0,0,0,1,0,0,0
"433","RO",2022,"ENSINO MÉDIO",1,1,0,1,0,0,0,1,0,0,0,0,0,1,0,0,0
"434","RO",2023,"EDUCAÇÃO DE JOVENS E ADULTOS - EJA",1,1,0,1,0,0,0,1,0,0,0,0,0,1,0,0,0
"435","RO",2024,"EDUCAÇÃO DE JOVENS E ADULTOS - EJA",1,1,0,1,0,1,0,0,0,0,0,1,0,0,0,0,0
"436","RO",2024,"EDUCAÇÃO INFANTIL",7,1,0,7,0,0,0,0.142857142857143,0,0.285714285714286,0.571428571428571,0,0,1,0,2,4
"437","RO",2024,"EDUCAÇÃO PROFISSIONALIZANTE",1,1,0,1,0,0,0,0,0,0,1,0,0,0,0,0,1
"438","RO",2024,"ENSINO FUNDAMENTAL",3,1,0,3,0,0,0,0.666666666666667,0,0.333333333333333,0,0,0,2,0,1,0
"439","RO",2025,"EDUCAÇÃO DE JOVENS E ADULTOS - EJA",2,1,0,2,0,0,0,0.5,0,0,0.5,0,0,1,0,0,1
"440","RO",2025,"Indefinido",1,1,0,1,0,0,0,1,0,0,0,0,0,1,0,0,0
"441","RR",2018,"EDUCAÇÃO DE JOVENS E ADULTOS - EJA",1,1,0,1,0,0,0,0,0,0,1,0,0,0,0,0,1
"442","RR",2018,"ENSINO MÉDIO",1,1,0,1,0,0,0,0,0,0,1,0,0,0,0,0,1
"443","RR",2019,"EDUCAÇÃO DE JOVENS E ADULTOS - EJA",1,1,0,1,0,0,0,1,0,0,0,0,0,1,0,0,0
"444","RR",2019,"ENSINO FUNDAMENTAL",4,0.75,0.25,3,1,0,0,0.25,0,0.25,0.5,0,0,1,0,1,2
"445","RR",2020,"EDUCAÇÃO INFANTIL",1,0,1,0,1,0,0,1,0,0,0,0,0,1,0,0,0
"446","RR",2020,"ENSINO FUNDAMENTAL",1,1,0,1,0,0,0,1,0,0,0,0,0,1,0,0,0
"447","RR",2023,"EDUCAÇÃO DE JOVENS E ADULTOS - EJA",1,1,0,1,0,0,0,1,0,0,0,0,0,1,0,0,0
"448","RR",2023,"EDUCAÇÃO INFANTIL",3,1,0,3,0,0,0,1,0,0,0,0,0,3,0,0,0
"449","RR",2023,"ENSINO FUNDAMENTAL",3,0.666666666666667,0.333333333333333,2,1,0,0.333333333333333,0.333333333333333,0,0.333333333333333,0,0,1,1,0,1,0
"450","RR",2023,"ENSINO MÉDIO",2,1,0,2,0,0,0,0,0,0,0.5,0,0,0,0,0,1
"451","RR",2023,"Indefinido",2,1,0,2,0,0,0,1,0,0,0,0,0,2,0,0,0
"452","RR",2024,"ENSINO FUNDAMENTAL",12,0.916666666666667,0.0833333333333333,11,1,0.0833333333333333,0.0833333333333333,0.5,0,0,0.333333333333333,1,1,6,0,0,4
"453","RR",2024,"ENSINO MÉDIO",6,0.5,0.5,3,3,0,0,0.333333333333333,0,0.166666666666667,0.333333333333333,0,0,2,0,1,2
"454","RR",2024,"Indefinido",4,1,0,4,0,0.25,0,0.5,0,0,0,1,0,2,0,0,0
"455","RR",2025,"EDUCAÇÃO INFANTIL",2,1,0,2,0,0,0,0,0,0.5,0.5,0,0,0,0,1,1
"456","RR",2025,"ENSINO FUNDAMENTAL",7,1,0,7,0,0,0,0.571428571428571,0,0.142857142857143,0.285714285714286,0,0,4,0,1,2
"457","RR",2025,"ENSINO MÉDIO",1,1,0,1,0,0,0,1,0,0,0,0,0,1,0,0,0
"458","RR",2025,"Indefinido",3,1,0,3,0,0,0,1,0,0,0,0,0,3,0,0,0
"459","RS",2013,"ENSINO MÉDIO",1,1,0,1,0,0,0,0,0,0,1,0,0,0,0,0,1
"460","RS",2014,"ENSINO MÉDIO",1,1,0,1,0,0,0,0,0,0,1,0,0,0,0,0,1
"461","RS",2015,"ENSINO FUNDAMENTAL",1,1,0,1,0,0,0,0,0,0,1,0,0,0,0,0,1
"462","RS",2015,"ENSINO MÉDIO",1,1,0,1,0,0,0,0,0,0,1,0,0,0,0,0,1
"463","RS",2015,"Indefinido",1,0,1,0,1,0,0,1,0,0,0,0,0,1,0,0,0
"464","RS",2016,"EDUCAÇÃO DE JOVENS E ADULTOS - EJA",1,1,0,1,0,1,0,0,0,0,0,1,0,0,0,0,0
"465","RS",2016,"EDUCAÇÃO INFANTIL",4,1,0,4,0,0,0,0,0,0.25,0.75,0,0,0,0,1,3
"466","RS",2016,"ENSINO FUNDAMENTAL",4,0.75,0.25,3,1,0,0,0,0,0,1,0,0,0,0,0,4
"467","RS",2017,"EDUCAÇÃO DE JOVENS E ADULTOS - EJA",3,1,0,3,0,0,0,0,0,0.333333333333333,0.666666666666667,0,0,0,0,1,2
"468","RS",2017,"EDUCAÇÃO INFANTIL",2,1,0,2,0,0,0,0,0,0,1,0,0,0,0,0,2
"469","RS",2017,"Indefinido",1,1,0,1,0,0,0,0,0,0,1,0,0,0,0,0,1
"470","RS",2018,"EDUCAÇÃO DE JOVENS E ADULTOS - EJA",2,1,0,2,0,0,0,0,0,0,1,0,0,0,0,0,2
"471","RS",2018,"EDUCAÇÃO INFANTIL",1,1,0,1,0,0,0,0,0,0,1,0,0,0,0,0,1
"472","RS",2018,"ENSINO FUNDAMENTAL",1,1,0,1,0,0,0,0,0,1,0,0,0,0,0,1,0
"473","RS",2019,"ENSINO FUNDAMENTAL",1,1,0,1,0,0,0,0,0,0,1,0,0,0,0,0,1
"474","RS",2019,"Indefinido",26,0.884615384615385,0.115384615384615,23,3,0.384615384615385,0,0,0,0.0384615384615385,0.576923076923077,10,0,0,0,1,15
"475","RS",2020,"EDUCAÇÃO DE JOVENS E ADULTOS - EJA",1,1,0,1,0,0,0,0,0,0,1,0,0,0,0,0,1
"476","RS",2020,"ENSINO FUNDAMENTAL",1,1,0,1,0,0,0,0,0,0,1,0,0,0,0,0,1
"477","RS",2020,"Indefinido",2,1,0,2,0,0,0,0,0,0,1,0,0,0,0,0,2
"478","RS",2021,"EDUCAÇÃO DE JOVENS E ADULTOS - EJA",1,1,0,1,0,0,0,0,0,0,1,0,0,0,0,0,1
"479","RS",2021,"ENSINO FUNDAMENTAL",3,0.666666666666667,0.333333333333333,2,1,0,0,0,0,0.333333333333333,0.666666666666667,0,0,0,0,1,2
"480","RS",2021,"Indefinido",1,1,0,1,0,0,0,0,0,0,1,0,0,0,0,0,1
"481","RS",2022,"EDUCAÇÃO DE JOVENS E ADULTOS - EJA",3,0.666666666666667,0.333333333333333,2,1,0.333333333333333,0,0,0,0,0.666666666666667,1,0,0,0,0,2
"482","RS",2022,"ENSINO FUNDAMENTAL",2,1,0,2,0,0,0,0,0,0,1,0,0,0,0,0,2
"483","RS",2022,"ENSINO MÉDIO",2,1,0,2,0,0,0,0,0,0,1,0,0,0,0,0,2
"484","RS",2022,"Indefinido",3,1,0,3,0,0,0,0,0,0,1,0,0,0,0,0,3
"485","RS",2023,"EDUCAÇÃO DE JOVENS E ADULTOS - EJA",12,0.916666666666667,0.0833333333333333,11,1,0,0,0,0,0,1,0,0,0,0,0,12
"486","RS",2023,"EDUCAÇÃO INFANTIL",7,0.857142857142857,0.142857142857143,6,1,0.142857142857143,0,0,0,0,0.857142857142857,1,0,0,0,0,6
"487","RS",2023,"ENSINO FUNDAMENTAL",2,0.5,0.5,1,1,0,0,0.5,0,0,0.5,0,0,1,0,0,1
"488","RS",2023,"ENSINO MÉDIO",2,0.5,0.5,1,1,0,0,0,0,0,1,0,0,0,0,0,2
"489","RS",2023,"Indefinido",6,0.833333333333333,0.166666666666667,5,1,0,0,0,0,0,1,0,0,0,0,0,6
"490","RS",2024,"EDUCAÇÃO DE JOVENS E ADULTOS - EJA",12,1,0,12,0,0.0833333333333333,0.166666666666667,0.0833333333333333,0,0,0.583333333333333,1,2,1,0,0,7
"491","RS",2024,"EDUCAÇÃO INFANTIL",10,1,0,10,0,0,0,0.1,0,0,0.9,0,0,1,0,0,9
"492","RS",2024,"ENSINO FUNDAMENTAL",9,0.666666666666667,0.333333333333333,6,3,0,0,0,0,0.222222222222222,0.777777777777778,0,0,0,0,2,7
"493","RS",2024,"ENSINO MÉDIO",1,1,0,1,0,0,0,0,0,0,1,0,0,0,0,0,1
"494","RS",2024,"Indefinido",29,0.586206896551724,0.413793103448276,17,12,0.0689655172413793,0,0.103448275862069,0,0.0344827586206897,0.793103448275862,2,0,3,0,1,23
"495","RS",2025,"EDUCAÇÃO DE JOVENS E ADULTOS - EJA",10,1,0,10,0,0.1,0,0,0,0.1,0.8,1,0,0,0,1,8
"496","RS",2025,"EDUCAÇÃO INFANTIL",6,0.666666666666667,0.333333333333333,4,2,0,0,0.166666666666667,0,0,0.833333333333333,0,0,1,0,0,5
"497","RS",2025,"ENSINO FUNDAMENTAL",4,1,0,4,0,0.25,0,0,0,0,0.75,1,0,0,0,0,3
"498","RS",2025,"ENSINO MÉDIO",2,1,0,2,0,0,0,0.5,0,0,0.5,0,0,1,0,0,1
"499","RS",2025,"Indefinido",27,0.814814814814815,0.185185185185185,22,5,0,0.037037037037037,0.037037037037037,0,0.111111111111111,0.814814814814815,0,1,1,0,3,22
"500","SC",2014,"ENSINO FUNDAMENTAL",2,1,0,2,0,0,0,0,0,0,1,0,0,0,0,0,2
"501","SC",2017,"EDUCAÇÃO DE JOVENS E ADULTOS - EJA",1,1,0,1,0,0,0,0,0,0,1,0,0,0,0,0,1
"502","SC",2018,"EDUCAÇÃO DE JOVENS E ADULTOS - EJA",1,1,0,1,0,0,0,0,0,0,1,0,0,0,0,0,1
"503","SC",2019,"EDUCAÇÃO DE JOVENS E ADULTOS - EJA",1,1,0,1,0,0,0,0,0,0,1,0,0,0,0,0,1
"504","SC",2020,"EDUCAÇÃO DE JOVENS E ADULTOS - EJA",1,1,0,1,0,0,0,0,0,0,1,0,0,0,0,0,1
"505","SC",2020,"Indefinido",1,1,0,1,0,0,0,0,0,0,1,0,0,0,0,0,1
"506","SC",2021,"EDUCAÇÃO DE JOVENS E ADULTOS - EJA",1,1,0,1,0,0,0,1,0,0,0,0,0,1,0,0,0
"507","SC",2021,"EDUCAÇÃO INFANTIL",1,1,0,1,0,0,0,1,0,0,0,0,0,1,0,0,0
"508","SC",2023,"EDUCAÇÃO INFANTIL",1,1,0,1,0,0,0,0,0,0,1,0,0,0,0,0,1
"509","SC",2023,"ENSINO FUNDAMENTAL",1,1,0,1,0,0,0,0,0,0,1,0,0,0,0,0,1
"510","SC",2023,"ENSINO MÉDIO",1,1,0,1,0,0,0,0,0,0,1,0,0,0,0,0,1
"511","SC",2023,"Indefinido",7,0.714285714285714,0.285714285714286,5,2,0,0,0.285714285714286,0,0,0.714285714285714,0,0,2,0,0,5
"512","SC",2024,"EDUCAÇÃO INFANTIL",7,1,0,7,0,0,0,0.142857142857143,0,0.142857142857143,0.714285714285714,0,0,1,0,1,5
"513","SC",2024,"ENSINO FUNDAMENTAL",2,0.5,0.5,1,1,0,0,1,0,0,0,0,0,2,0,0,0
"514","SC",2024,"ENSINO MÉDIO",1,1,0,1,0,0,0,0,0,0,1,0,0,0,0,0,1
"515","SC",2024,"Indefinido",2,1,0,2,0,0,0,0,0,0,1,0,0,0,0,0,2
"516","SC",2025,"EDUCAÇÃO DE JOVENS E ADULTOS - EJA",1,1,0,1,0,0,0,0,0,0,1,0,0,0,0,0,1
"517","SC",2025,"EDUCAÇÃO INFANTIL",4,1,0,4,0,0,0,0.25,0,0,0.75,0,0,1,0,0,3
"518","SC",2025,"ENSINO FUNDAMENTAL",3,1,0,3,0,0,0,0,0,0,1,0,0,0,0,0,3
"519","SC",2025,"Indefinido",1,1,0,1,0,0,0,0,0,0,1,0,0,0,0,0,1
"520","SE",2014,"EDUCAÇÃO DE JOVENS E ADULTOS - EJA",1,1,0,1,0,0,0,1,0,0,0,0,0,1,0,0,0
"521","SE",2016,"ENSINO MÉDIO",1,1,0,1,0,0,0,1,0,0,0,0,0,1,0,0,0
"522","SE",2019,"EDUCAÇÃO INFANTIL",1,1,0,1,0,0,0,1,0,0,0,0,0,1,0,0,0
"523","SE",2024,"EDUCAÇÃO DE JOVENS E ADULTOS - EJA",1,1,0,1,0,0,0,0,0,0,1,0,0,0,0,0,1
"524","SE",2024,"EDUCAÇÃO INFANTIL",1,1,0,1,0,0,0,1,0,0,0,0,0,1,0,0,0
"525","SE",2024,"Indefinido",1,1,0,1,0,0,0,0,0,1,0,0,0,0,0,1,0
"526","SP",2013,"EDUCAÇÃO DE JOVENS E ADULTOS - EJA",5,0.8,0.2,4,1,0.8,0,0,0,0,0.2,4,0,0,0,0,1
"527","SP",2013,"EDUCAÇÃO INFANTIL",4,0.75,0.25,3,1,0,0,0.25,0,0,0.75,0,0,1,0,0,3
"528","SP",2013,"ENSINO FUNDAMENTAL",1,1,0,1,0,0,0,0,0,0,1,0,0,0,0,0,1
"529","SP",2013,"Indefinido",18,0.777777777777778,0.222222222222222,14,4,0.944444444444444,0,0.0555555555555556,0,0,0,17,0,1,0,0,0
"530","SP",2014,"EDUCAÇÃO DE JOVENS E ADULTOS - EJA",1,1,0,1,0,0,0,0,0,0,1,0,0,0,0,0,1
"531","SP",2014,"EDUCAÇÃO INFANTIL",2,1,0,2,0,0,0,0,0,0,1,0,0,0,0,0,2
"532","SP",2014,"ENSINO FUNDAMENTAL",2,1,0,2,0,0.5,0,0,0,0,0.5,1,0,0,0,0,1
"533","SP",2014,"Indefinido",1,0,0,0,0,0,0,1,0,0,0,0,0,1,0,0,0
"534","SP",2015,"EDUCAÇÃO DE JOVENS E ADULTOS - EJA",1,1,0,1,0,0,0,0,0,0,1,0,0,0,0,0,1
"535","SP",2015,"EDUCAÇÃO INFANTIL",5,1,0,5,0,0,0,0.4,0,0,0.6,0,0,2,0,0,3
"536","SP",2015,"ENSINO FUNDAMENTAL",4,1,0,4,0,0,0,0.5,0,0,0.5,0,0,2,0,0,2
"537","SP",2015,"Indefinido",2,1,0,2,0,0,0,0,0,0,1,0,0,0,0,0,2
"538","SP",2016,"EDUCAÇÃO DE JOVENS E ADULTOS - EJA",9,0.777777777777778,0.222222222222222,7,2,0.222222222222222,0,0.222222222222222,0,0,0.555555555555556,2,0,2,0,0,5
"539","SP",2016,"EDUCAÇÃO INFANTIL",9,1,0,9,0,0.111111111111111,0,0.222222222222222,0,0.111111111111111,0.555555555555556,1,0,2,0,1,5
"540","SP",2016,"ENSINO FUNDAMENTAL",3,1,0,3,0,0,0,0,0,0,1,0,0,0,0,0,3
"541","SP",2016,"ENSINO MÉDIO",2,1,0,2,0,0,0,0,0,0,1,0,0,0,0,0,2
"542","SP",2016,"Indefinido",3,1,0,3,0,0.333333333333333,0,0,0,0.333333333333333,0.333333333333333,1,0,0,0,1,1
"543","SP",2017,"EDUCAÇÃO DE JOVENS E ADULTOS - EJA",7,1,0,7,0,0.142857142857143,0.142857142857143,0,0,0,0.714285714285714,1,1,0,0,0,5
"544","SP",2017,"EDUCAÇÃO INFANTIL",10,1,0,10,0,0.1,0,0.1,0,0,0.8,1,0,1,0,0,8
"545","SP",2017,"ENSINO FUNDAMENTAL",10,0.9,0.1,9,1,0.1,0,0,0,0,0.9,1,0,0,0,0,9
"546","SP",2017,"ENSINO MÉDIO",1,1,0,1,0,0,0,0,0,0,1,0,0,0,0,0,1
"547","SP",2018,"EDUCAÇÃO DE JOVENS E ADULTOS - EJA",9,0.888888888888889,0.111111111111111,8,1,0.333333333333333,0,0.222222222222222,0,0,0.444444444444444,3,0,2,0,0,4
"548","SP",2018,"EDUCAÇÃO INFANTIL",5,1,0,5,0,0.6,0,0.2,0,0,0.2,3,0,1,0,0,1
"549","SP",2018,"ENSINO FUNDAMENTAL",4,1,0,4,0,0.25,0,0,0,0,0.75,1,0,0,0,0,3
"550","SP",2018,"Indefinido",3,1,0,3,0,0.333333333333333,0,0,0,0,0.666666666666667,1,0,0,0,0,2
"551","SP",2019,"EDUCAÇÃO DE JOVENS E ADULTOS - EJA",1,0,1,0,1,0,0,0,0,0,1,0,0,0,0,0,1
"552","SP",2019,"EDUCAÇÃO INFANTIL",5,0.8,0.2,4,1,0.2,0,0.2,0,0.2,0.4,1,0,1,0,1,2
"553","SP",2019,"EDUCAÇÃO PROFISSIONALIZANTE",1,1,0,1,0,1,0,0,0,0,0,1,0,0,0,0,0
"554","SP",2019,"ENSINO FUNDAMENTAL",6,0.833333333333333,0.166666666666667,5,1,0.333333333333333,0,0.333333333333333,0,0,0.333333333333333,2,0,2,0,0,2
"555","SP",2019,"ENSINO MÉDIO",1,1,0,1,0,0,0,0,0,0,1,0,0,0,0,0,1
"556","SP",2020,"EDUCAÇÃO DE JOVENS E ADULTOS - EJA",2,1,0,2,0,0.5,0,0,0,0,0.5,1,0,0,0,0,1
"557","SP",2020,"EDUCAÇÃO INFANTIL",1,1,0,1,0,0,0,1,0,0,0,0,0,1,0,0,0
"558","SP",2020,"ENSINO FUNDAMENTAL",1,1,0,1,0,0,0,0,0,0,1,0,0,0,0,0,1
"559","SP",2021,"EDUCAÇÃO INFANTIL",11,0.909090909090909,0.0909090909090909,10,1,0.0909090909090909,0,0.181818181818182,0,0.0909090909090909,0.636363636363636,1,0,2,0,1,7
"560","SP",2021,"ENSINO FUNDAMENTAL",23,1,0,23,0,0.0434782608695652,0,0.260869565217391,0,0.130434782608696,0.565217391304348,1,0,6,0,3,13
"561","SP",2022,"EDUCAÇÃO DE JOVENS E ADULTOS - EJA",2,1,0,2,0,0,0,0,0,0.5,0.5,0,0,0,0,1,1
"562","SP",2022,"EDUCAÇÃO INFANTIL",9,1,0,9,0,0,0,0.444444444444444,0,0.111111111111111,0.444444444444444,0,0,4,0,1,4
"563","SP",2022,"ENSINO FUNDAMENTAL",8,0.75,0.25,6,2,0,0,0.25,0,0.125,0.625,0,0,2,0,1,5
"564","SP",2022,"Indefinido",3,0.666666666666667,0,2,0,0,0,0.333333333333333,0,0,0.666666666666667,0,0,1,0,0,2
"565","SP",2023,"EDUCAÇÃO DE JOVENS E ADULTOS - EJA",5,1,0,5,0,0,0,0.4,0.2,0,0.4,0,0,2,1,0,2
"566","SP",2023,"EDUCAÇÃO INFANTIL",14,0.928571428571429,0.0714285714285714,13,1,0.0714285714285714,0,0.285714285714286,0,0.142857142857143,0.5,1,0,4,0,2,7
"567","SP",2023,"EDUCAÇÃO PROFISSIONALIZANTE",1,0,1,0,1,1,0,0,0,0,0,1,0,0,0,0,0
"568","SP",2023,"ENSINO FUNDAMENTAL",10,0.5,0.5,5,5,0,0,0.2,0,0.1,0.7,0,0,2,0,1,7
"569","SP",2023,"ENSINO MÉDIO",2,1,0,2,0,0,0,0,0,0.5,0.5,0,0,0,0,1,1
"570","SP",2023,"Indefinido",14,0.714285714285714,0.285714285714286,10,4,0.142857142857143,0,0.357142857142857,0,0.0714285714285714,0.428571428571429,2,0,5,0,1,6
"571","SP",2024,"EDUCAÇÃO DE JOVENS E ADULTOS - EJA",3,1,0,3,0,0,0,0.333333333333333,0,0,0.666666666666667,0,0,1,0,0,2
"572","SP",2024,"EDUCAÇÃO INFANTIL",13,1,0,13,0,0.153846153846154,0,0.307692307692308,0,0,0.538461538461538,2,0,4,0,0,7
"573","SP",2024,"ENSINO FUNDAMENTAL",4,0.75,0.25,3,1,0,0,0,0,0,1,0,0,0,0,0,4
"574","SP",2024,"ENSINO MÉDIO",2,1,0,2,0,0,0,0,0,0,1,0,0,0,0,0,2
"575","SP",2024,"Indefinido",17,0.647058823529412,0.352941176470588,11,6,0,0,0.117647058823529,0,0.294117647058824,0.588235294117647,0,0,2,0,5,10
"576","SP",2025,"EDUCAÇÃO DE JOVENS E ADULTOS - EJA",3,1,0,3,0,0,0,0,0,0.333333333333333,0.666666666666667,0,0,0,0,1,2
"577","SP",2025,"EDUCAÇÃO INFANTIL",17,1,0,17,0,0.0588235294117647,0,0.117647058823529,0,0,0.823529411764706,1,0,2,0,0,14
"578","SP",2025,"ENSINO FUNDAMENTAL",5,0.8,0.2,4,1,0,0,0.2,0,0.2,0.6,0,0,1,0,1,3
"579","SP",2025,"ENSINO MÉDIO",2,0.5,0.5,1,1,0,0,0,0,0,1,0,0,0,0,0,2
"580","SP",2025,"Indefinido",7,0.571428571428571,0.428571428571429,4,3,0,0,0.285714285714286,0,0.142857142857143,0.571428571428571,0,0,2,0,1,4
"581","TO",2013,"EDUCAÇÃO INFANTIL",1,1,0,1,0,0,0,1,0,0,0,0,0,1,0,0,0
"582","TO",2015,"ENSINO FUNDAMENTAL",1,1,0,1,0,0,0,1,0,0,0,0,0,1,0,0,0
"583","TO",2015,"Indefinido",1,1,0,1,0,0,0,0,0,1,0,0,0,0,0,1,0
"584","TO",2019,"EDUCAÇÃO DE JOVENS E ADULTOS - EJA",1,1,0,1,0,0,0,1,0,0,0,0,0,1,0,0,0
"585","TO",2019,"ENSINO FUNDAMENTAL",3,1,0,3,0,0,0,0.666666666666667,0,0,0.333333333333333,0,0,2,0,0,1
"586","TO",2020,"ENSINO MÉDIO",1,1,0,1,0,0,0,0,0,1,0,0,0,0,0,1,0
"587","TO",2020,"Indefinido",1,1,0,1,0,0,0,0,0,0,1,0,0,0,0,0,1
"588","TO",2022,"EDUCAÇÃO INFANTIL",1,1,0,1,0,0,0,0,0,0,1,0,0,0,0,0,1
"589","TO",2022,"ENSINO FUNDAMENTAL",1,0,1,0,1,0,0,1,0,0,0,0,0,1,0,0,0
"590","TO",2023,"EDUCAÇÃO DE JOVENS E ADULTOS - EJA",1,1,0,1,0,0,0,1,0,0,0,0,0,1,0,0,0
"591","TO",2023,"Indefinido",1,1,0,1,0,0,0,1,0,0,0,0,0,1,0,0,0
"592","TO",2024,"EDUCAÇÃO INFANTIL",1,1,0,1,0,0,0,1,0,0,0,0,0,1,0,0,0
"593","TO",2024,"ENSINO MÉDIO",3,0.333333333333333,0.666666666666667,1,2,0,0,0.666666666666667,0,0,0.333333333333333,0,0,2,0,0,1
"594","TO",2024,"Indefinido",2,0.5,0.5,1,1,0,0,1,0,0,0,0,0,2,0,0,0
"595","TO",2025,"EDUCAÇÃO DE JOVENS E ADULTOS - EJA",2,0.5,0.5,1,1,0,0,1,0,0,0,0,0,2,0,0,0
"596","TO",2025,"EDUCAÇÃO INFANTIL",1,1,0,1,0,0,0,0,0,0,1,0,0,0,0,0,1
"597","TO",2025,"ENSINO MÉDIO",1,1,0,1,0,0,0,1,0,0,0,0,0,1,0,0,0
"598","TO",2025,"Indefinido",2,1,0,2,0,0,0,1,0,0,0,0,0,2,0,0,0
